<?xml version="1.0" encoding="utf-8"?><set>
<idcorp>1100013372</idcorp>
<rows>
<row>
<timestamp>2015-04-29 10:33:53</timestamp><dir>/netdisk/7d71f3e1f19d393e0ba32cc45830ce36</dir><file>cb14d88d7b21fdf2d99c60a97dafd727.png</file><filetype>.png</filetype><uri>http://img.quickapp.cn/22/1100013372//sys/update.png</uri><localuri>/mnt/sdcard/bbaaabddhc/netdisk/7d71f3e1f19d393e0ba32cc45830ce36/cb14d88d7b21fdf2d99c60a97dafd727.png</localuri></row><row>
<timestamp>2015-04-29 10:33:53</timestamp><dir>/netdisk/9ce4dcef24582513c73463f833053b01</dir><file>7f75940eeb9bde71ee71d98a068df0a7.png</file><filetype>.png</filetype><uri>http://img.quickapp.cn/22/1100013372//app/header-bg.png</uri><localuri>/mnt/sdcard/bbaaabddhc/netdisk/9ce4dcef24582513c73463f833053b01/7f75940eeb9bde71ee71d98a068df0a7.png</localuri></row><row>
<timestamp>2015-04-29 10:33:53</timestamp><dir>/netdisk/9ce4dcef24582513c73463f833053b01</dir><file>3bd07b98fc75d03bc8d702d5b348de9f.png</file><filetype>.png</filetype><uri>http://img.quickapp.cn/22/1100013372//app/footer-bg.png</uri><localuri>/mnt/sdcard/bbaaabddhc/netdisk/9ce4dcef24582513c73463f833053b01/3bd07b98fc75d03bc8d702d5b348de9f.png</localuri></row><row>
<timestamp>2015-04-29 10:33:53</timestamp><dir>/netdisk/1aa94eef3e40dc2b2344d65e26b8b138</dir><file>dd84a590ce97c5cc866f70b292e05f95.png</file><filetype>.png</filetype><uri>http://img.quickapp.cn//22/1100013372//sys/sys-service.png</uri><localuri>/mnt/sdcard/bbaaabddhc/netdisk/1aa94eef3e40dc2b2344d65e26b8b138/dd84a590ce97c5cc866f70b292e05f95.png</localuri></row><row>
<timestamp>2015-04-29 10:33:53</timestamp><dir>/netdisk/3c7de7ea0e7c715a49132623d1eb97ea</dir><file>553a27a4c3dcdf102879787a6a563244.png</file><filetype>.png</filetype><uri>http://img.quickapp.cn/22/1100013372/sys/sys-service.png</uri><localuri>/mnt/sdcard/bbaaabddhc/netdisk/3c7de7ea0e7c715a49132623d1eb97ea/553a27a4c3dcdf102879787a6a563244.png</localuri></row><row>
<timestamp>2015-04-29 10:33:53</timestamp><dir>/netdisk/9ce4dcef24582513c73463f833053b01</dir><file>11ce331be71fe88877c5ac7c12e86412.png</file><filetype>.png</filetype><uri>http://img.quickapp.cn/22/1100013372//app/pushmsg-list-bg.png</uri><localuri>/mnt/sdcard/bbaaabddhc/netdisk/9ce4dcef24582513c73463f833053b01/11ce331be71fe88877c5ac7c12e86412.png</localuri></row><row>
<timestamp>2015-04-29 10:33:53</timestamp><dir>/netdisk/343f727ba310fd2fef6b718bb8b5c671</dir><file>81aecacea12c63ec497fab5e623edcfe.css</file><filetype>.css</filetype><uri>http://img.quickapp.cn/22/1100013372/app/temp.css</uri><localuri>/mnt/sdcard/bbaaabddhc/netdisk/343f727ba310fd2fef6b718bb8b5c671/81aecacea12c63ec497fab5e623edcfe.css</localuri></row><row>
<timestamp>2015-04-29 10:33:53</timestamp><dir>/netdisk/343f727ba310fd2fef6b718bb8b5c671</dir><file>b4721b163f06e1b0397f785870200aaf.css</file><filetype>.css</filetype><uri>http://img.quickapp.cn/22/1100013372/app/tempcolor.css</uri><localuri>/mnt/sdcard/bbaaabddhc/netdisk/343f727ba310fd2fef6b718bb8b5c671/b4721b163f06e1b0397f785870200aaf.css</localuri></row><row>
<timestamp>2015-04-29 10:33:53</timestamp><dir>/netdisk/7b1c01bb1b965c61468ec897f5cee539</dir><file>b1f0f4ecffda842685379a774682d53a.css</file><filetype>.css</filetype><uri>http://img.quickapp.cn//22/1100013372/sys/OpenDialog.default.css</uri><localuri>/mnt/sdcard/bbaaabddhc/netdisk/7b1c01bb1b965c61468ec897f5cee539/b1f0f4ecffda842685379a774682d53a.css</localuri></row><row>
<timestamp>2015-04-29 10:33:53</timestamp><dir>/netdisk/7b1c01bb1b965c61468ec897f5cee539</dir><file>5d367a4941f5448bc6075520ef50adea.js</file><filetype>.js</filetype><uri>http://img.quickapp.cn//22/1100013372/sys/OpenDialog.Call.js</uri><localuri>/mnt/sdcard/bbaaabddhc/netdisk/7b1c01bb1b965c61468ec897f5cee539/5d367a4941f5448bc6075520ef50adea.js</localuri></row><row>
<timestamp>2015-04-29 10:33:53</timestamp><dir>/netdisk/3c7de7ea0e7c715a49132623d1eb97ea</dir><file>a983c78dc9a9af8f7dfc09c3fecf7ef9.wav</file><filetype>.wav</filetype><uri>http://img.quickapp.cn/22/1100013372/sys/key_sound.wav</uri><localuri>/mnt/sdcard/bbaaabddhc/netdisk/3c7de7ea0e7c715a49132623d1eb97ea/a983c78dc9a9af8f7dfc09c3fecf7ef9.wav</localuri></row><row>
<timestamp>2015-04-29 10:33:53</timestamp><dir>/netdisk/7d71f3e1f19d393e0ba32cc45830ce36</dir><file>c50f100f174f129cd305fdcb81449ed4.js</file><filetype>.js</filetype><uri>http://img.quickapp.cn/22/1100013372//sys/app.sound.js</uri><localuri>/mnt/sdcard/bbaaabddhc/netdisk/7d71f3e1f19d393e0ba32cc45830ce36/c50f100f174f129cd305fdcb81449ed4.js</localuri></row><row>
<timestamp>2015-04-29 10:33:53</timestamp><dir>/3b4bfd7d8ebe18401fb388414a22e03e</dir><file>728c7e03e0239be14cc5dbc005bfa276.js</file><filetype>.js</filetype><uri>/common/ShoppingCart.js?t=1</uri><localuri>/mnt/sdcard/bbaaabddhc/3b4bfd7d8ebe18401fb388414a22e03e/728c7e03e0239be14cc5dbc005bfa276.js</localuri></row><row>
<timestamp>2015-04-29 10:33:53</timestamp><dir>/d631033972c672602b015a6f577b8949</dir><file>ae38f5b0f2a5b2133995a5de465d89fe.css</file><filetype>.css</filetype><uri>/trade/mobileprocess/css/shoppingcart.css?t=1</uri><localuri>/mnt/sdcard/bbaaabddhc/d631033972c672602b015a6f577b8949/ae38f5b0f2a5b2133995a5de465d89fe.css</localuri></row><row>
<timestamp>2015-04-29 10:33:53</timestamp><dir>/netdisk/343f727ba310fd2fef6b718bb8b5c671</dir><file>784fe18dfac966a317a99dc88d8f5e0b.css</file><filetype>.css</filetype><uri>http://img.quickapp.cn/22/1100013372/app/fc_menu.css</uri><localuri>/mnt/sdcard/bbaaabddhc/netdisk/343f727ba310fd2fef6b718bb8b5c671/784fe18dfac966a317a99dc88d8f5e0b.css</localuri></row><row>
<timestamp>2015-04-29 10:33:53</timestamp><dir></dir><file>19b37774393301fd6692dfbc718828e2.html</file><filetype>.html</filetype><uri>/1100013372_0_8.html?sp=1100000112-20000049&amp;dname=yes</uri><localuri>/mnt/sdcard/bbaaabddhc/19b37774393301fd6692dfbc718828e2.html</localuri></row><row>
<timestamp>2015-04-29 10:33:53</timestamp><dir>/ebec7edb766140f7f6281dff9139268e</dir><file>5d8754fcdebe089b4399a231655ffc46.html</file><filetype>.html</filetype><uri>/corpsvc/temp/standardpage/infojs.aspx?idcorp=1100013372&type=dlm&client=m</uri><localuri>/mnt/sdcard/bbaaabddhc/ebec7edb766140f7f6281dff9139268e/5d8754fcdebe089b4399a231655ffc46.html</localuri></row><row>
<timestamp>2015-04-29 10:33:53</timestamp><dir>/4f94b014729f610957bffa5a86d7dc7d</dir><file>616b6ef0127054f343f610425fd4b403.js</file><filetype>.js</filetype><uri>/js/app.keep_login.js</uri><localuri>/mnt/sdcard/bbaaabddhc/4f94b014729f610957bffa5a86d7dc7d/616b6ef0127054f343f610425fd4b403.js</localuri></row><row>
<timestamp>2015-04-29 10:33:53</timestamp><dir>/netdisk/9ce4dcef24582513c73463f833053b01</dir><file>55f24406c1f459bafcaa4dfab489227a.jpg</file><filetype>.jpg</filetype><uri>http://img.quickapp.cn/22/1100013372//app/home-bg.jpg</uri><localuri>/mnt/sdcard/bbaaabddhc/netdisk/9ce4dcef24582513c73463f833053b01/55f24406c1f459bafcaa4dfab489227a.jpg</localuri></row><row>
<timestamp>2015-04-29 10:33:53</timestamp><dir>/netdisk/9ce4dcef24582513c73463f833053b01</dir><file>90a45994fe773f0aff1d0d40d02f9387.png</file><filetype>.png</filetype><uri>http://img.quickapp.cn/22/1100013372//app/home-function-icon.png</uri><localuri>/mnt/sdcard/bbaaabddhc/netdisk/9ce4dcef24582513c73463f833053b01/90a45994fe773f0aff1d0d40d02f9387.png</localuri></row><row>
<timestamp>2015-04-29 10:33:53</timestamp><dir>/netdisk/343f727ba310fd2fef6b718bb8b5c671</dir><file>6aa388299d151aff577a62106d7d9e34.css</file><filetype>.css</filetype><uri>http://img.quickapp.cn/22/1100013372/app/home.css</uri><localuri>/mnt/sdcard/bbaaabddhc/netdisk/343f727ba310fd2fef6b718bb8b5c671/6aa388299d151aff577a62106d7d9e34.css</localuri></row><row>
<timestamp>2015-04-29 10:33:53</timestamp><dir>/netdisk/d4e98eaa1c2357fc3fd9370b6e2e9db3</dir><file>dca398854b5f59ea2750fe1fb6b67e18.png</file><filetype>.png</filetype><uri>http://img.quickapp.cn/22/1100013372//timg/推荐产品.png</uri><localuri>/mnt/sdcard/bbaaabddhc/netdisk/d4e98eaa1c2357fc3fd9370b6e2e9db3/dca398854b5f59ea2750fe1fb6b67e18.png</localuri></row><row>
<timestamp>2015-04-29 10:33:53</timestamp><dir>/netdisk/7d71f3e1f19d393e0ba32cc45830ce36</dir><file>68d7ebe63a0963b1b0cb8fc5cb08811e.wav</file><filetype>.wav</filetype><uri>http://img.quickapp.cn/22/1100013372//sys/key_sound.wav</uri><localuri>/mnt/sdcard/bbaaabddhc/netdisk/7d71f3e1f19d393e0ba32cc45830ce36/68d7ebe63a0963b1b0cb8fc5cb08811e.wav</localuri></row><row>
<timestamp>2015-04-29 10:33:53</timestamp><dir></dir><file>95602ceb52bbc8890fcee615a47444cd.html</file><filetype>.html</filetype><uri>/1100013372_10000069_5.html</uri><localuri>/mnt/sdcard/bbaaabddhc/95602ceb52bbc8890fcee615a47444cd.html</localuri></row><row>
<timestamp>2015-04-29 10:33:53</timestamp><dir></dir><file>e00e7622e34ab0f85b8d7a7e39080c63.html</file><filetype>.html</filetype><uri>/1100013372_10000056_5.html</uri><localuri>/mnt/sdcard/bbaaabddhc/e00e7622e34ab0f85b8d7a7e39080c63.html</localuri></row><row>
<timestamp>2015-04-29 10:33:53</timestamp><dir></dir><file>d794337e0c94ed760ac2bf8150ac1f15.html</file><filetype>.html</filetype><uri>/1100013372_10000057_5.html</uri><localuri>/mnt/sdcard/bbaaabddhc/d794337e0c94ed760ac2bf8150ac1f15.html</localuri></row><row>
<timestamp>2015-04-29 10:33:53</timestamp><dir></dir><file>cc6ef5f455ca1874edebc3975797f9d7.html</file><filetype>.html</filetype><uri>/1100013372_10000058_5.html</uri><localuri>/mnt/sdcard/bbaaabddhc/cc6ef5f455ca1874edebc3975797f9d7.html</localuri></row><row>
<timestamp>2015-04-29 10:33:53</timestamp><dir></dir><file>f4d0f874a5c90db7d62b71bff53989ad.html</file><filetype>.html</filetype><uri>/1100013372_10000059_5.html</uri><localuri>/mnt/sdcard/bbaaabddhc/f4d0f874a5c90db7d62b71bff53989ad.html</localuri></row><row>
<timestamp>2015-04-29 10:33:53</timestamp><dir>/4f94b014729f610957bffa5a86d7dc7d</dir><file>0cf4f2874185b47e56ba90c7ac23e367.js</file><filetype>.js</filetype><uri>/js/jquery.js</uri><localuri>/mnt/sdcard/bbaaabddhc/4f94b014729f610957bffa5a86d7dc7d/0cf4f2874185b47e56ba90c7ac23e367.js</localuri></row><row>
<timestamp>2015-04-29 10:33:53</timestamp><dir>/4f94b014729f610957bffa5a86d7dc7d</dir><file>5083d796e4a53b4ead92d0336ebd8fb0.js</file><filetype>.js</filetype><uri>/js/jquery.min.js</uri><localuri>/mnt/sdcard/bbaaabddhc/4f94b014729f610957bffa5a86d7dc7d/5083d796e4a53b4ead92d0336ebd8fb0.js</localuri></row><row>
<timestamp>2015-04-29 10:33:53</timestamp><dir>/4f94b014729f610957bffa5a86d7dc7d</dir><file>21c88e4a4b3983a7c452d29cccb1d2c2.js</file><filetype>.js</filetype><uri>/js/jquery.mobile.js</uri><localuri>/mnt/sdcard/bbaaabddhc/4f94b014729f610957bffa5a86d7dc7d/21c88e4a4b3983a7c452d29cccb1d2c2.js</localuri></row><row>
<timestamp>2015-04-29 10:33:53</timestamp><dir>/4f94b014729f610957bffa5a86d7dc7d</dir><file>79c4906505c4890ccdec59c84d610507.js</file><filetype>.js</filetype><uri>/js/phonegap.2.6.0.android.js</uri><localuri>/mnt/sdcard/bbaaabddhc/4f94b014729f610957bffa5a86d7dc7d/79c4906505c4890ccdec59c84d610507.js</localuri></row><row>
<timestamp>2015-04-29 10:33:53</timestamp><dir>/4f94b014729f610957bffa5a86d7dc7d</dir><file>d614d4d05cb464f10538225b3fa90142.js</file><filetype>.js</filetype><uri>/js/iscroll.js</uri><localuri>/mnt/sdcard/bbaaabddhc/4f94b014729f610957bffa5a86d7dc7d/d614d4d05cb464f10538225b3fa90142.js</localuri></row><row>
<timestamp>2015-04-29 10:33:53</timestamp><dir>/0d5ecb9370125e6bca491b3e9ea748e6</dir><file>749f8c461bd1ec512e0602c8cd78b686.gif</file><filetype>.gif</filetype><uri>/app/gen/options/img/loading.gif</uri><localuri>/mnt/sdcard/bbaaabddhc/0d5ecb9370125e6bca491b3e9ea748e6/749f8c461bd1ec512e0602c8cd78b686.gif</localuri></row><row>
<timestamp>2015-04-29 10:33:53</timestamp><dir>/3b4bfd7d8ebe18401fb388414a22e03e</dir><file>ab979d1ab0becac28044efeb13968791.js</file><filetype>.js</filetype><uri>/common/ShoppingCart.js</uri><localuri>/mnt/sdcard/bbaaabddhc/3b4bfd7d8ebe18401fb388414a22e03e/ab979d1ab0becac28044efeb13968791.js</localuri></row><row>
<timestamp>2015-04-29 10:33:53</timestamp><dir>/0d5ecb9370125e6bca491b3e9ea748e6</dir><file>fc190f95e0b7ca268f1385fa82d29fa6.gif</file><filetype>.gif</filetype><uri>http://www.quickapp.cn/app/gen/options/img/loading.gif</uri><localuri>/mnt/sdcard/bbaaabddhc/0d5ecb9370125e6bca491b3e9ea748e6/fc190f95e0b7ca268f1385fa82d29fa6.gif</localuri></row><row>
<timestamp>2015-04-29 10:33:53</timestamp><dir>/4f94b014729f610957bffa5a86d7dc7d</dir><file>6cf8e0c42f6da3f6c2177ab7c440bfba.js</file><filetype>.js</filetype><uri>/js/OpenDialog.mobile.min.js</uri><localuri>/mnt/sdcard/bbaaabddhc/4f94b014729f610957bffa5a86d7dc7d/6cf8e0c42f6da3f6c2177ab7c440bfba.js</localuri></row><row>
<timestamp>2015-04-29 10:33:53</timestamp><dir>/netdisk/2f31646077ef5bcd3b82505c946250aa</dir><file>bd114db17d719126e03522b2d9075272.png</file><filetype>.png</filetype><uri>http://img.quickapp.cn/48/1100000048//down.png</uri><localuri>/mnt/sdcard/bbaaabddhc/netdisk/2f31646077ef5bcd3b82505c946250aa/bd114db17d719126e03522b2d9075272.png</localuri></row><row>
<timestamp>2015-04-29 10:33:53</timestamp><dir>/8a440f14a8c6bed29d0e6d1d6f64af6e</dir><file>1ba842a5bf3b416908dec9bc8519c22b.png</file><filetype>.png</filetype><uri>/Import/Images/mask-close.png</uri><localuri>/mnt/sdcard/bbaaabddhc/8a440f14a8c6bed29d0e6d1d6f64af6e/1ba842a5bf3b416908dec9bc8519c22b.png</localuri></row><row>
<timestamp>2015-04-29 10:33:53</timestamp><dir>/4f94b014729f610957bffa5a86d7dc7d</dir><file>ad2f24c97c058b3eb07cd0365e4f8a3f.js</file><filetype>.js</filetype><uri>/js/app.control.js</uri><localuri>/mnt/sdcard/bbaaabddhc/4f94b014729f610957bffa5a86d7dc7d/ad2f24c97c058b3eb07cd0365e4f8a3f.js</localuri></row><row>
<timestamp>2015-04-29 10:33:53</timestamp><dir>/4f94b014729f610957bffa5a86d7dc7d</dir><file>7d475fdeb9f65854ed38881f66a4f7ca.js</file><filetype>.js</filetype><uri>/js/app.function.js</uri><localuri>/mnt/sdcard/bbaaabddhc/4f94b014729f610957bffa5a86d7dc7d/7d475fdeb9f65854ed38881f66a4f7ca.js</localuri></row><row>
<timestamp>2015-04-29 10:33:53</timestamp><dir>/4f94b014729f610957bffa5a86d7dc7d</dir><file>8454c6d50be0e16dcd19fb4974b6301b.js</file><filetype>.js</filetype><uri>/js/app.weixin_hack.js</uri><localuri>/mnt/sdcard/bbaaabddhc/4f94b014729f610957bffa5a86d7dc7d/8454c6d50be0e16dcd19fb4974b6301b.js</localuri></row><row>
<timestamp>2015-04-29 10:33:53</timestamp><dir>/4f94b014729f610957bffa5a86d7dc7d</dir><file>57f5cf852277d643f35fe5b20d16ac2b.js</file><filetype>.js</filetype><uri>/js/app.share.js</uri><localuri>/mnt/sdcard/bbaaabddhc/4f94b014729f610957bffa5a86d7dc7d/57f5cf852277d643f35fe5b20d16ac2b.js</localuri></row><row>
<timestamp>2015-04-29 10:33:53</timestamp><dir>/netdisk/343f727ba310fd2fef6b718bb8b5c671</dir><file>0a99e7d5101bb950414700163064dc5c.jpg</file><filetype>.jpg</filetype><uri>http://img.quickapp.cn/22/1100013372/app/appbg.jpg</uri><localuri>/mnt/sdcard/bbaaabddhc/netdisk/343f727ba310fd2fef6b718bb8b5c671/0a99e7d5101bb950414700163064dc5c.jpg</localuri></row><row>
<timestamp>2015-04-29 10:33:53</timestamp><dir>/netdisk/3c7de7ea0e7c715a49132623d1eb97ea</dir><file>79b62d4b0e3a5687f688416c27b2d95d.css</file><filetype>.css</filetype><uri>http://img.quickapp.cn/22/1100013372/sys/index.css</uri><localuri>/mnt/sdcard/bbaaabddhc/netdisk/3c7de7ea0e7c715a49132623d1eb97ea/79b62d4b0e3a5687f688416c27b2d95d.css</localuri></row><row>
<timestamp>2015-04-29 10:33:53</timestamp><dir>/netdisk/7d71f3e1f19d393e0ba32cc45830ce36</dir><file>aebe95b0d7790c4124008eb78c4aa26e.gif</file><filetype>.gif</filetype><uri>http://img.quickapp.cn/22/1100013372//sys/loading.gif</uri><localuri>/mnt/sdcard/bbaaabddhc/netdisk/7d71f3e1f19d393e0ba32cc45830ce36/aebe95b0d7790c4124008eb78c4aa26e.gif</localuri></row><row>
<timestamp>2015-04-29 10:33:53</timestamp><dir>/netdisk/3bfef6a121be36ae2ca20047e419d4a6</dir><file>e586cb008d5ab334a2e221279c2f33e1.jpg</file><filetype>.jpg</filetype><uri>http://img.quickapp.cn//22/1100013372/商品图片/商品中图/sy_20100724150752921074.jpg</uri><localuri>/mnt/sdcard/bbaaabddhc/netdisk/3bfef6a121be36ae2ca20047e419d4a6/e586cb008d5ab334a2e221279c2f33e1.jpg</localuri></row><row>
<timestamp>2015-04-29 10:33:53</timestamp><dir>/netdisk/3bfef6a121be36ae2ca20047e419d4a6</dir><file>3f488a53b7170607ea2507334611cdb2.jpg</file><filetype>.jpg</filetype><uri>http://img.quickapp.cn//22/1100013372/商品图片/商品中图/9885883_165747557000_2.jpg</uri><localuri>/mnt/sdcard/bbaaabddhc/netdisk/3bfef6a121be36ae2ca20047e419d4a6/3f488a53b7170607ea2507334611cdb2.jpg</localuri></row><row>
<timestamp>2015-04-29 10:33:53</timestamp><dir>/netdisk/3bfef6a121be36ae2ca20047e419d4a6</dir><file>2160445f090446db8fe4dcf1b1887ee7.jpg</file><filetype>.jpg</filetype><uri>http://img.quickapp.cn//22/1100013372/商品图片/商品中图/thumb.jpg</uri><localuri>/mnt/sdcard/bbaaabddhc/netdisk/3bfef6a121be36ae2ca20047e419d4a6/2160445f090446db8fe4dcf1b1887ee7.jpg</localuri></row><row>
<timestamp>2015-04-29 10:33:53</timestamp><dir>/netdisk/3bfef6a121be36ae2ca20047e419d4a6</dir><file>38a45f339231aa1e80eff2fb9c34e116.jpg</file><filetype>.jpg</filetype><uri>http://img.quickapp.cn//22/1100013372/商品图片/商品中图/ec361bb25b57d8d791771f5145926192_690_460.jpg</uri><localuri>/mnt/sdcard/bbaaabddhc/netdisk/3bfef6a121be36ae2ca20047e419d4a6/38a45f339231aa1e80eff2fb9c34e116.jpg</localuri></row><row>
<timestamp>2015-04-29 10:33:53</timestamp><dir>/netdisk/9ce4dcef24582513c73463f833053b01</dir><file>3fdf34f1e5c254a4ec378f9573b17d4b.png</file><filetype>.png</filetype><uri>http://img.quickapp.cn/22/1100013372//app/pro-list-bg.png</uri><localuri>/mnt/sdcard/bbaaabddhc/netdisk/9ce4dcef24582513c73463f833053b01/3fdf34f1e5c254a4ec378f9573b17d4b.png</localuri></row><row>
<timestamp>2015-04-29 10:33:53</timestamp><dir>/netdisk/9ce4dcef24582513c73463f833053b01</dir><file>bf89d613d80f1066d68ccba31e32c2c1.css</file><filetype>.css</filetype><uri>http://img.quickapp.cn/22/1100013372//app/pro-list.css</uri><localuri>/mnt/sdcard/bbaaabddhc/netdisk/9ce4dcef24582513c73463f833053b01/bf89d613d80f1066d68ccba31e32c2c1.css</localuri></row><row>
<timestamp>2015-04-29 10:33:53</timestamp><dir></dir><file>66c70ae52baef8e6df040db9f89b16c0.html</file><filetype>.html</filetype><uri>/1100013372_15_0_1_3.html</uri><localuri>/mnt/sdcard/bbaaabddhc/66c70ae52baef8e6df040db9f89b16c0.html</localuri></row><row>
<timestamp>2015-04-29 10:33:53</timestamp><dir>/netdisk/d4e98eaa1c2357fc3fd9370b6e2e9db3</dir><file>27f506e45a10105d90cd6eabf787af11.png</file><filetype>.png</filetype><uri>http://img.quickapp.cn/22/1100013372//timg/产品展示.png</uri><localuri>/mnt/sdcard/bbaaabddhc/netdisk/d4e98eaa1c2357fc3fd9370b6e2e9db3/27f506e45a10105d90cd6eabf787af11.png</localuri></row><row>
<timestamp>2015-04-29 10:33:53</timestamp><dir>/netdisk/3bfef6a121be36ae2ca20047e419d4a6</dir><file>5001d366c16f87a7105c2259ae96200f.jpeg</file><filetype>.jpeg</filetype><uri>http://img.quickapp.cn//22/1100013372/商品图片/商品中图/20140303101144_5hEyT.thumb.700_0.jpeg</uri><localuri>/mnt/sdcard/bbaaabddhc/netdisk/3bfef6a121be36ae2ca20047e419d4a6/5001d366c16f87a7105c2259ae96200f.jpeg</localuri></row><row>
<timestamp>2015-04-29 10:33:53</timestamp><dir>/netdisk/3bfef6a121be36ae2ca20047e419d4a6</dir><file>de57a4f5c99d34017af5c9b30895a00d.jpg</file><filetype>.jpg</filetype><uri>http://img.quickapp.cn//22/1100013372/商品图片/商品中图/7acb0a46f21fbe0931fb1d1c6b600c338744ad15.jpg</uri><localuri>/mnt/sdcard/bbaaabddhc/netdisk/3bfef6a121be36ae2ca20047e419d4a6/de57a4f5c99d34017af5c9b30895a00d.jpg</localuri></row><row>
<timestamp>2015-04-29 10:33:53</timestamp><dir>/netdisk/3bfef6a121be36ae2ca20047e419d4a6</dir><file>f93689ef31b1a9a6df5e8387d5f3fdfc.jpg</file><filetype>.jpg</filetype><uri>http://img.quickapp.cn//22/1100013372/商品图片/商品中图/20120323163958_4282.jpg</uri><localuri>/mnt/sdcard/bbaaabddhc/netdisk/3bfef6a121be36ae2ca20047e419d4a6/f93689ef31b1a9a6df5e8387d5f3fdfc.jpg</localuri></row><row>
<timestamp>2015-04-29 10:33:53</timestamp><dir>/netdisk/3bfef6a121be36ae2ca20047e419d4a6</dir><file>05a5a64df67747571f2fe39c27e17a3d.jpg</file><filetype>.jpg</filetype><uri>http://img.quickapp.cn//22/1100013372/商品图片/商品中图/41a29d98a38511e38844b8ca3aeed2d7.jpg</uri><localuri>/mnt/sdcard/bbaaabddhc/netdisk/3bfef6a121be36ae2ca20047e419d4a6/05a5a64df67747571f2fe39c27e17a3d.jpg</localuri></row><row>
<timestamp>2015-04-29 10:33:53</timestamp><dir>/netdisk/3bfef6a121be36ae2ca20047e419d4a6</dir><file>aad907e76c33906bb883fdb3e71bccc4.jpg</file><filetype>.jpg</filetype><uri>http://img.quickapp.cn//22/1100013372/商品图片/商品中图/d0b6e3aeca7e3ab0_0.jpg</uri><localuri>/mnt/sdcard/bbaaabddhc/netdisk/3bfef6a121be36ae2ca20047e419d4a6/aad907e76c33906bb883fdb3e71bccc4.jpg</localuri></row><row>
<timestamp>2015-04-29 10:33:53</timestamp><dir>/netdisk/3bfef6a121be36ae2ca20047e419d4a6</dir><file>73318807220f966044ef8b45bbf8643e.jpg</file><filetype>.jpg</filetype><uri>http://img.quickapp.cn//22/1100013372/商品图片/商品中图/fod-691557.jpg</uri><localuri>/mnt/sdcard/bbaaabddhc/netdisk/3bfef6a121be36ae2ca20047e419d4a6/73318807220f966044ef8b45bbf8643e.jpg</localuri></row><row>
<timestamp>2015-04-29 10:33:53</timestamp><dir>/netdisk/3bfef6a121be36ae2ca20047e419d4a6</dir><file>3796c6886df475abd119bbf083929646.jpg</file><filetype>.jpg</filetype><uri>http://img.quickapp.cn//22/1100013372/商品图片/商品中图/17317398966638415544.jpg</uri><localuri>/mnt/sdcard/bbaaabddhc/netdisk/3bfef6a121be36ae2ca20047e419d4a6/3796c6886df475abd119bbf083929646.jpg</localuri></row><row>
<timestamp>2015-04-29 10:33:53</timestamp><dir>/netdisk/3bfef6a121be36ae2ca20047e419d4a6</dir><file>01f76f00e9631d173fac050cd37dbdaf.jpg</file><filetype>.jpg</filetype><uri>http://img.quickapp.cn//22/1100013372/商品图片/商品中图/63d0f703918fa0ecf28e65c2279759ee3c6ddbb0.jpg</uri><localuri>/mnt/sdcard/bbaaabddhc/netdisk/3bfef6a121be36ae2ca20047e419d4a6/01f76f00e9631d173fac050cd37dbdaf.jpg</localuri></row><row>
<timestamp>2015-04-29 10:33:53</timestamp><dir></dir><file>a2854bc1e9729eef86402035fc2d05eb.html</file><filetype>.html</filetype><uri>/1100013372_0_0_1_2.html</uri><localuri>/mnt/sdcard/bbaaabddhc/a2854bc1e9729eef86402035fc2d05eb.html</localuri></row><row>
<timestamp>2015-04-29 10:33:53</timestamp><dir>/netdisk/d4e98eaa1c2357fc3fd9370b6e2e9db3</dir><file>f87d4e0489bd2f996946d684899aa73e.png</file><filetype>.png</filetype><uri>http://img.quickapp.cn/22/1100013372//timg/产品类别.png</uri><localuri>/mnt/sdcard/bbaaabddhc/netdisk/d4e98eaa1c2357fc3fd9370b6e2e9db3/f87d4e0489bd2f996946d684899aa73e.png</localuri></row><row>
<timestamp>2015-04-29 10:33:53</timestamp><dir>/netdisk/d4e98eaa1c2357fc3fd9370b6e2e9db3</dir><file>d22769f4891e091282c38eef14e45e2a.png</file><filetype>.png</filetype><uri>http://img.quickapp.cn/22/1100013372//timg/公司简介.png</uri><localuri>/mnt/sdcard/bbaaabddhc/netdisk/d4e98eaa1c2357fc3fd9370b6e2e9db3/d22769f4891e091282c38eef14e45e2a.png</localuri></row><row>
<timestamp>2015-04-29 10:33:53</timestamp><dir>/netdisk/87c2256f9598993b9f785b3b50b56704</dir><file>68abdf8126e37b9e2c561ee3d41d8b9e.jpg</file><filetype>.jpg</filetype><uri>http://img.quickapp.cn//22/1100013372/编辑器上传文件/logo_jsnu1.jpg</uri><localuri>/mnt/sdcard/bbaaabddhc/netdisk/87c2256f9598993b9f785b3b50b56704/68abdf8126e37b9e2c561ee3d41d8b9e.jpg</localuri></row><row>
<timestamp>2015-04-29 10:33:53</timestamp><dir>/netdisk/9ce4dcef24582513c73463f833053b01</dir><file>b41e7297d2c1c1b480139e4cacd038f0.png</file><filetype>.png</filetype><uri>http://img.quickapp.cn/22/1100013372//app/column-bg.png</uri><localuri>/mnt/sdcard/bbaaabddhc/netdisk/9ce4dcef24582513c73463f833053b01/b41e7297d2c1c1b480139e4cacd038f0.png</localuri></row><row>
<timestamp>2015-04-29 10:33:53</timestamp><dir>/netdisk/9ce4dcef24582513c73463f833053b01</dir><file>56089bed5a20505398026153f2087645.css</file><filetype>.css</filetype><uri>http://img.quickapp.cn/22/1100013372//app/column.css</uri><localuri>/mnt/sdcard/bbaaabddhc/netdisk/9ce4dcef24582513c73463f833053b01/56089bed5a20505398026153f2087645.css</localuri></row><row>
<timestamp>2015-04-29 10:33:53</timestamp><dir></dir><file>0a41992138c0ec6fe2cf74f4fe10ef00.html</file><filetype>.html</filetype><uri>/1100013372_10000079_5.html</uri><localuri>/mnt/sdcard/bbaaabddhc/0a41992138c0ec6fe2cf74f4fe10ef00.html</localuri></row><row>
<timestamp>2015-04-29 10:33:53</timestamp><dir>/netdisk/d4e98eaa1c2357fc3fd9370b6e2e9db3</dir><file>33ecb8be0b3478b8a45198611e814cfd.png</file><filetype>.png</filetype><uri>http://img.quickapp.cn/22/1100013372//timg/电子地图.png</uri><localuri>/mnt/sdcard/bbaaabddhc/netdisk/d4e98eaa1c2357fc3fd9370b6e2e9db3/33ecb8be0b3478b8a45198611e814cfd.png</localuri></row><row>
<timestamp>2015-04-29 10:33:53</timestamp><dir>/netdisk/d4e98eaa1c2357fc3fd9370b6e2e9db3</dir><file>2a083c56b86de6e8e765c10f57a8234a.png</file><filetype>.png</filetype><uri>http://img.quickapp.cn/22/1100013372//timg/企业相册.png</uri><localuri>/mnt/sdcard/bbaaabddhc/netdisk/d4e98eaa1c2357fc3fd9370b6e2e9db3/2a083c56b86de6e8e765c10f57a8234a.png</localuri></row><row>
<timestamp>2015-04-29 10:33:53</timestamp><dir>/netdisk/fb4a4145685d689f588b3999636d8a3b</dir><file>54540ed7ea333e94e7a72fd5792a11a2.jpg</file><filetype>.jpg</filetype><uri>http://img.quickapp.cn//22/1100013372/photo/201504180819508324456.jpg</uri><localuri>/mnt/sdcard/bbaaabddhc/netdisk/fb4a4145685d689f588b3999636d8a3b/54540ed7ea333e94e7a72fd5792a11a2.jpg</localuri></row><row>
<timestamp>2015-04-29 10:33:53</timestamp><dir>/netdisk/343f727ba310fd2fef6b718bb8b5c671</dir><file>78bfde5b41baafba5e56f9968b36f5b5.png</file><filetype>.png</filetype><uri>http://img.quickapp.cn/22/1100013372/app/photo-list-bg.png</uri><localuri>/mnt/sdcard/bbaaabddhc/netdisk/343f727ba310fd2fef6b718bb8b5c671/78bfde5b41baafba5e56f9968b36f5b5.png</localuri></row><row>
<timestamp>2015-04-29 10:33:53</timestamp><dir>/netdisk/9ce4dcef24582513c73463f833053b01</dir><file>76e496f1f7a7c8402501af992a979ba8.css</file><filetype>.css</filetype><uri>http://img.quickapp.cn/22/1100013372//app/photo-list.css</uri><localuri>/mnt/sdcard/bbaaabddhc/netdisk/9ce4dcef24582513c73463f833053b01/76e496f1f7a7c8402501af992a979ba8.css</localuri></row><row>
<timestamp>2015-04-29 10:33:53</timestamp><dir></dir><file>9c04aae6bf4386ad458eb2faa56dc72c.html</file><filetype>.html</filetype><uri>/1100013372_5_0_1_6.html</uri><localuri>/mnt/sdcard/bbaaabddhc/9c04aae6bf4386ad458eb2faa56dc72c.html</localuri></row><row>
<timestamp>2015-04-29 10:33:53</timestamp><dir>/netdisk/d4e98eaa1c2357fc3fd9370b6e2e9db3</dir><file>a57f7e32c719a9c6d535b0b63536f9e2.png</file><filetype>.png</filetype><uri>http://img.quickapp.cn/22/1100013372//timg/咨询留言.png</uri><localuri>/mnt/sdcard/bbaaabddhc/netdisk/d4e98eaa1c2357fc3fd9370b6e2e9db3/a57f7e32c719a9c6d535b0b63536f9e2.png</localuri></row><row>
<timestamp>2015-04-29 10:33:53</timestamp><dir>/netdisk/d4e98eaa1c2357fc3fd9370b6e2e9db3</dir><file>e6ad8d00f3e05ac9e81ad5a9f91d4eff.png</file><filetype>.png</filetype><uri>http://img.quickapp.cn/22/1100013372//timg/联系我们.png</uri><localuri>/mnt/sdcard/bbaaabddhc/netdisk/d4e98eaa1c2357fc3fd9370b6e2e9db3/e6ad8d00f3e05ac9e81ad5a9f91d4eff.png</localuri></row><row>
<timestamp>2015-04-29 10:33:53</timestamp><dir></dir><file>6b593b051a489fe04cb0efab49ccc33b.html</file><filetype>.html</filetype><uri>/1100013372_10000074_5.html</uri><localuri>/mnt/sdcard/bbaaabddhc/6b593b051a489fe04cb0efab49ccc33b.html</localuri></row><row>
<timestamp>2015-04-29 10:33:53</timestamp><dir>/netdisk/adcd509784c44816467d8bb331a982b2</dir><file>3796ded9f3d8ced46fbc4e9d92079897.png</file><filetype>.png</filetype><uri>http://img.quickapp.cn/22/1100013372/app_cache/qrcode/wapqr.png</uri><localuri>/mnt/sdcard/bbaaabddhc/netdisk/adcd509784c44816467d8bb331a982b2/3796ded9f3d8ced46fbc4e9d92079897.png</localuri></row><row>
<timestamp>2015-04-29 10:33:53</timestamp><dir>/netdisk/adcd509784c44816467d8bb331a982b2</dir><file>dd99b55fae9077073c7b64c8f6ddf26b.png</file><filetype>.png</filetype><uri>http://img.quickapp.cn/22/1100013372/app_cache/qrcode/androidqr.png</uri><localuri>/mnt/sdcard/bbaaabddhc/netdisk/adcd509784c44816467d8bb331a982b2/dd99b55fae9077073c7b64c8f6ddf26b.png</localuri></row><row>
<timestamp>2015-04-29 10:33:53</timestamp><dir>/netdisk/adcd509784c44816467d8bb331a982b2</dir><file>d6bc70222c2175ba9d33d54a6c6515bd.png</file><filetype>.png</filetype><uri>http://img.quickapp.cn/22/1100013372/app_cache/qrcode/iosqr.png</uri><localuri>/mnt/sdcard/bbaaabddhc/netdisk/adcd509784c44816467d8bb331a982b2/d6bc70222c2175ba9d33d54a6c6515bd.png</localuri></row><row>
<timestamp>2015-04-29 10:33:53</timestamp><dir>/netdisk/9b5fed9529c39b94b22f227a34d314fd</dir><file>eb17b8e01d8e96066482c0ba864ce1e4.jpg</file><filetype>.jpg</filetype><uri>http://img.quickapp.cn//22/1100013372/weixinQRCode.jpg</uri><localuri>/mnt/sdcard/bbaaabddhc/netdisk/9b5fed9529c39b94b22f227a34d314fd/eb17b8e01d8e96066482c0ba864ce1e4.jpg</localuri></row><row>
<timestamp>2015-04-29 10:33:53</timestamp><dir></dir><file>e4ca345629c92c42c5f432c3341dab25.html</file><filetype>.html</filetype><uri>/1100013372_10000086_5.html</uri><localuri>/mnt/sdcard/bbaaabddhc/e4ca345629c92c42c5f432c3341dab25.html</localuri></row><row>
<timestamp>2015-04-29 10:33:53</timestamp><dir></dir><file>c47973e4dddf9183855714af6cdcb7b8.html</file><filetype>.html</filetype><uri></uri><localuri>/mnt/sdcard/bbaaabddhc/c47973e4dddf9183855714af6cdcb7b8.html</localuri></row></rows>
</set>
