[{"readCount": [], "firstTime": [], "postMan": [], "title": [], "replyCount": [], "link": []},
{"readCount": ["24"], "firstTime": ["\u6628\u5929\u00a022:35", "\u6628\u5929\u00a022:35"], "postMan": ["shekplos9y", "shekplos9y"], "title": ["Wholesale Jerseys ChinaHK"], "replyCount": ["0"], "link": ["thread-73807-1-1.html"]},
{"readCount": ["108"], "firstTime": ["2016-3-21", "\u6628\u5929\u00a019:17"], "postMan": ["abby1234", "\u5de6\u624b\u5012\u5f71"], "title": ["\u81ea\u52a8\u5316+\u4fe1\u606f\u5316 \u5feb\u6613\u4f18\u201c\u667a\u9020\u201d\u5de5\u4e1a\u4e92\u8054\u7f51"], "replyCount": ["5"], "link": ["thread-73106-1-1.html"]},
{"readCount": ["149"], "firstTime": ["2016-3-17", "\u6628\u5929\u00a013:43"], "postMan": ["Hover064", "\u4ec5\u6709\u7684\u81ea\u79c1"], "title": ["\u4ee5\u6df1\u5316\u8d22\u7a0e\u4f53\u5236\u6539\u9769\u4e3a\u52a8\u529b\uff0c\u79ef\u6781\u63a8\u8fdb\u5efa\u7acb\u73b0\u4ee3\u8d22\u653f\u5236\u5ea6"], "replyCount": ["2"], "link": ["thread-72714-1-1.html"]},
{"readCount": ["31"], "firstTime": ["\u524d\u5929\u00a022:51", "\u524d\u5929\u00a022:51"], "postMan": ["mynamikw0o", "mynamikw0o"], "title": ["Cheap Jerseys Wholesale"], "replyCount": ["0"], "link": ["thread-73693-1-1.html"]},
{"readCount": ["319"], "firstTime": ["2016-3-3", "\u524d\u5929\u00a019:02"], "postMan": ["shekplos9y", "BlackDown2015"], "title": ["Cheap NFL Jerseys ChinaJJ"], "replyCount": ["7"], "link": ["thread-71971-1-1.html"]},
{"readCount": ["34"], "firstTime": ["\u524d\u5929\u00a016:42", "\u524d\u5929\u00a016:42"], "postMan": ["abby1234", "abby1234"], "title": ["\u5feb\u6613\u4f18\u7535\u673a\u9009\u578b\u5668\u5728\u6fc0\u5149\u5207\u5272\u673a\u8bbe\u8ba1\u4e2d\u7684\u5e94\u7528"], "replyCount": ["0"], "link": ["thread-73667-1-1.html"]},
{"readCount": ["145"], "firstTime": ["2016-3-18", "\u524d\u5929\u00a004:10"], "postMan": ["nimee50504", "uew0s10r"], "title": ["\u82ae\u6b27\u7ae5\u88c5\u52a0\u76df\uff0c\u6b66\u6c49\u82ae\u6b27\u5b9d\u8d1d\u670d\u9970"], "replyCount": ["3"], "link": ["thread-72761-1-1.html"]},
{"readCount": ["47"], "firstTime": ["3\u00a0\u5929\u524d", "3\u00a0\u5929\u524d"], "postMan": ["mynamikw0o", "lFS1sldBc"], "title": ["Cheap Jerseys Wholesale"], "replyCount": ["1"], "link": ["thread-73535-1-1.html"]},
{"readCount": ["266"], "firstTime": ["2016-2-15", "3\u00a0\u5929\u524d"], "postMan": ["shekplos9y", "lFS1sldBc"], "title": ["Wholesale NFL JerseysMh"], "replyCount": ["8"], "link": ["thread-70724-1-1.html"]},
{"readCount": ["158"], "firstTime": ["2016-3-17", "3\u00a0\u5929\u524d"], "postMan": ["huaxu956HG", "lFS1sldBc"], "title": ["\u90a3\u5176\u4e2d\u7684\u9b42\u7131"], "replyCount": ["3"], "link": ["thread-72707-1-1.html"]},
{"readCount": ["269"], "firstTime": ["2016-2-10", "3\u00a0\u5929\u524d"], "postMan": ["lsvz3wMn", "lFS1sldBc"], "title": ["\u7f05\u7538\u5c0f\u52d0\u62c9\u7687\u5bb6\u56fd\u9645\u6307\u5b9a\u5f00\u6237\u70ed\u7ebf15969173373"], "replyCount": ["6"], "link": ["thread-70443-1-1.html"]},
{"readCount": ["153"], "firstTime": ["2016-3-17", "3\u00a0\u5929\u524d"], "postMan": ["huaxu956HG", "lFS1sldBc"], "title": ["\u4f60\u57fa\u672c\u7528\u4e0d\u7740\u5982\u65af\u5931\u671b"], "replyCount": ["2"], "link": ["thread-72706-1-1.html"]},
{"readCount": ["92"], "firstTime": ["2016-3-22", "5\u00a0\u5929\u524d"], "postMan": ["\u6b63\u4e49\u4e4b\u58eb", "\u5c0f\u7237\u8303\u513f"], "title": ["\u519c\u6c11\u7530\u91ce\u201c\u7f16\u9f99\u888d\u201d \u7a7a\u4e2d\u4fef\u77b0\u9887\u4e3a\u9707\u64bc"], "replyCount": ["1"], "link": ["thread-73201-1-1.html"]},
{"readCount": ["87"], "firstTime": ["2016-3-22", "5\u00a0\u5929\u524d"], "postMan": ["\u6b63\u4e49\u4e4b\u58eb", "\u5c0f\u7237\u8303\u513f"], "title": ["\u519c\u6c11\u7530\u91ce\u201c\u7f16\u9f99\u888d\u201d \u7a7a\u4e2d\u4fef\u77b0\u9887\u4e3a\u9707\u64bc"], "replyCount": ["1"], "link": ["thread-73200-1-1.html"]},
{"readCount": ["283"], "firstTime": ["2016-1-22", "7\u00a0\u5929\u524d"], "postMan": ["\u6b63\u4e49\u4e4b\u58eb", "\u9017\u6bd4\u7537\u795ei"], "title": ["\u5357\u4eac\u5927\u5988\u4eec\u96ea\u540e\u7d2b\u971e\u6e56\u51ac\u6cf3 \u5012\u7acb\u62cd\u7167\u5f15\u4eba\u79f0\u8d5e"], "replyCount": ["12"], "link": ["thread-68770-1-1.html"]},
{"readCount": ["323"], "firstTime": ["2016-2-23", "7\u00a0\u5929\u524d"], "postMan": ["mynamikw0o", "lFS1sldBc"], "title": ["Cheap NFL Jerseys Free Shipping"], "replyCount": ["5"], "link": ["thread-71521-1-1.html"]},
{"readCount": ["313"], "firstTime": ["2016-2-26", "7\u00a0\u5929\u524d"], "postMan": ["shekplos9y", "lFS1sldBc"], "title": ["Cheap Jerseys"], "replyCount": ["4"], "link": ["thread-71764-1-1.html"]},
{"readCount": ["148"], "firstTime": ["2016-3-17"], "postMan": ["huaxu956HG", "lFS1sldBc"], "title": ["\u4fbf\u662f\u5c06\u8fe6\u5357\u5b66\u9662\u541e\u6ca1\u5728\u4e86\u5ca9\u6d46\u4e4b\u4e2d"], "replyCount": ["1"], "link": ["thread-72710-1-1.html"]}]